[
    { "name": "APPLICATIONINSIGHTS_CONNECTION_STRING", "value": "InstrumentationKey=<your-instrumentation-key>;IngestionEndpoint=<your-ingestion-endpoint>;LiveEndpoint=<your-live-endpoint>;ApplicationId=<your-application-id>", "slotSetting": false },
    { "name": "MICROSOFT_PROVIDER_AUTHENTICATION_SECRET", "value": "<your-authentication-secret>", "slotSetting": true },
    { "name": "WEBSITE_AUTH_AAD_ALLOWED_TENANTS", "value": "<your-allowed-tenant-id>", "slotSetting": false },
    { "name": "AZURE_COSMOS_ENDPOINT", "value": "<your-cosmosdb-endpoint>", "slotSetting": false },
    { "name": "AZURE_COSMOS_KEY", "value": "<your-cosmosdb-key>", "slotSetting": false },
    { "name": "AZURE_COSMOS_AUTHENTICATION_TYPE", "value": "key", "slotSetting": false },
    { "name": "CLIENT_ID", "value": "<your-client-id>", "slotSetting": false },
    { "name": "TENANT_ID", "value": "<your-tenant-id>", "slotSetting": false },
    { "name": "SECRET_KEY", "value": "<your-32-character-secret>", "slotSetting": false },
    { "name": "BING_SEARCH_ENDPOINT", "value": "https://api.bing.microsoft.com/", "slotSetting": false },
    { "name": "SCM_DO_BUILD_DURING_DEPLOYMENT", "value": "true", "slotSetting": false },
    { "name": "WEBSITE_HTTPLOGGING_RETENTION_DAYS", "value": "7", "slotSetting": false },
    { "name": "APPINSIGHTS_INSTRUMENTATIONKEY", "value": "<your-instrumentation-key>", "slotSetting": false },
    { "name": "ApplicationInsightsAgent_EXTENSION_VERSION", "value": "~3", "slotSetting": false },
    { "name": "APPLICATIONINSIGHTSAGENT_EXTENSION_ENABLED", "value": "true", "slotSetting": false },
    { "name": "XDT_MicrosoftApplicationInsights_Mode", "value": "default", "slotSetting": false },
    { "name": "APPINSIGHTS_PROFILERFEATURE_VERSION", "value": "1.0.0", "slotSetting": false },
    { "name": "APPINSIGHTS_SNAPSHOTFEATURE_VERSION", "value": "1.0.0", "slotSetting": false },
    { "name": "SnapshotDebugger_EXTENSION_VERSION", "value": "disabled", "slotSetting": false },
    { "name": "InstrumentationEngine_EXTENSION_VERSION", "value": "disabled", "slotSetting": false },
    { "name": "XDT_MicrosoftApplicationInsights_BaseExtensions", "value": "disabled", "slotSetting": false },
    { "name": "XDT_MicrosoftApplicationInsights_PreemptSdk", "value": "disabled", "slotSetting": false }
]